hoiname	cl	casecontrol	exposurename	SQUELCH	chisqPvalue	drug.ade.score0	drug.ade.score	exactATE	exactATEvar	medCoef0	medZvalue0	medPvalue0	medCoef	medZvalue	medPvalue	networkScore0	networkScore1	networkScoreDiff
kidney_failure,_acute	random	1	naproxen	10	3.08489040810946e-8	-0.177845814076136	7460.64505462594	0.00152711595213905	9.0054699567726e-9	0.52545021383796	5.53376962737747	3.13420576194709e-8	0.511977759274778	5.38730909767616	7.1520375723336e-8	-248860.896277427	-256321.541332053	-7460.64505462593
kidney_failure,_acute	random	1	meloxicam	10	8.67445668656179e-7	-2.57865126880642	7466.53565930161	0.00209949075171068	5.90347613131971e-8	0.662969848117376	4.92204237107465	8.56456643998441e-7	0.664247863608692	4.93148119317751	8.16084260993544e-7	-182447.086335578	-189913.621994879	-7466.53565930162
kidney_failure,_acute	random	1	lisinopril	10	0	-1099.06494141374	6362.08824812827	0.00858823399232116	1.10816950526103e-8	1.80417189041106	55.5319677152149	0	1.80109529312977	55.4027212614062	0	-564652.492399663	-571014.580647791	-6362.0882481283
kidney_failure,_acute	random	1	ketorolac	10	3.20843446425129e-18	0	7457.10829935022	0.0120160386993274	1.90341110726557e-6	1.74322809892239	7.92164118392097	2.3439590410346e-15	1.74543880691182	7.93101895870358	2.17355030406186e-15	-218500.389120466	-225957.497419816	-7457.10829935022
kidney_failure,_acute	random	1	ibuprofen	10	8.9866574861242e-9	0	7460.11636696861	0.00110909424921194	8.50221300027066e-9	0.407378473741025	5.75175763899048	8.83203546514947e-9	0.393583733745074	5.53347603180757	3.13945901028536e-8	-775046.338600068	-782506.454967037	-7460.11636696861
kidney_failure,_acute	random	1	hydrochlorothiazide	10	2.13749502927521e-188	-279.037922275042	7180.6520370193	0.00424979875584102	5.31220480954204e-9	1.14550327666384	27.7705432262259	9.84408291306464e-170	1.1400551784112	27.6178729846924	6.78884113527653e-168	-526593.380907099	-533774.032944118	-7180.65203701926
kidney_failure,_acute	random	1	cyclosporine	10	8.22051800681299e-73	-65.3542555908498	7403.94396154185	0.0125051017783982	3.90748127880857e-7	1.91641974052705	15.6907055393767	1.7509854456489e-55	1.91610899652676	15.6880757726798	1.82504465938631e-55	-119034.017608508	-126437.96157005	-7403.94396154185
kidney_failure,_acute	random	1	captopril	10	5.9325974554527e-40	-38.2635886930875	7428.78054829667	0.00915551058874619	4.24107418699318e-7	1.62381631007282	12.0151925052643	2.9568026787961e-33	1.62670684787548	12.0349352521341	2.32816610079446e-33	-431008.679729475	-438437.460277772	-7428.78054829669
kidney_failure,_acute	random	1	allopurinol	10	0	0	7062.88903676836	0.016338210891795	1.21728331729281e-7	2.19776114102663	37.6640992850892	0	2.19199890928506	37.5161050841427	5.03225097793557e-308	-208892.518945568	-215955.407982336	-7062.88903676835
kidney_failure,_acute	random	0	temazepam	10	8.4247805672074e-31	0	7437.94349257661	0.00745715492784149	2.2682373826724e-7	1.48187134517749	10.6780935266746	1.28891434325093e-26	1.48343247420559	10.6892096460234	1.14341171416713e-26	-210555.706528163	-217993.65002074	-7437.9434925766
kidney_failure,_acute	random	0	simethicone	10	9.62685606704933e-111	-77.5579988987447	7390.98287441116	0.0220071232497655	1.14509929955338e-6	2.41426977856986	17.9045725696003	1.08625849935491e-71	2.41457034023091	17.9060858460303	1.05713192847223e-71	-200629.825103863	-208020.807978274	-7390.98287441116
kidney_failure,_acute	random	0	prilocaine	10	0.00655192916523702	0	7473.70464852103	0.00652477396774328	1.63542472822297e-6	1.31781887866215	2.93324536213483	0.00335438685233524	1.31459576897331	2.92585200504443	0.00343514310222773	-88804.5320505059	-96278.2366990269	-7473.70464852103
kidney_failure,_acute	random	0	nortriptyline	10	0.0795091598128818	0	7468.41656784208	0.00190965635640136	1.61920466305257e-7	0.510910344543899	1.90544791688314	0.0567218715789086	0.506065598022709	1.88727354712769	0.0591235424961648	-219933.308901593	-227401.725469435	-7468.4165678421
kidney_failure,_acute	random	0	methocarbamol	10	0.999999999999932	0	7474.76992744045	5.2178040146495e-4	3.00585024803517e-8	-0.0157599580530502	-0.0566908818437233	0.954791437570165	-0.196113391752465	-0.703299254467005	0.481869275214425	-592559.991976286	-600034.761903727	-7474.76992744044
kidney_failure,_acute	random	0	metaxalone	10	2.57795594566082e-47	-49.0256217290153	7418.32048283464	0.00821071210358912	2.14185780720212e-7	1.54587821302541	13.2170004644237	7.00002036470246e-40	1.55633855500317	13.3034650197129	2.20984960548652e-40	-243063.168225297	-250481.488708131	-7418.32048283465
liver_failure,_acute	random	1	zidovudine	10	1.97945863822133e-12	0	7459.07038352563	0.0243894280560764	2.25240128033163e-6	1.07508662706702	6.83385309125033	8.26636802826316e-12	1.07259643312186	6.81647686234044	9.33002453315286e-12	-228296.783338116	-235755.853721641	-7459.07038352563
liver_failure,_acute	random	1	valproate	10	0.0753068951850031	0	7473.06747316147	-0.00429737060494277	1.30557885729646e-6	-0.766990994323977	-1.8736776603962	0.0609748668194416	-0.770575024491608	-1.87871670102465	0.0602831861597852	-712053.185144852	-719526.252618013	-7473.0674731615
liver_failure,_acute	random	1	terbinafine	10	2.74905827943921e-26	-26.111844557221	7434.40512767556	0.0205735512151963	8.44566567997649e-7	0.968117165983582	10.2764484671418	8.99824749791135e-25	0.958566631900329	10.1667741669437	2.78995747446063e-24	-345385.070091376	-352819.475219051	-7434.40512767556
liver_failure,_acute	random	1	tenofovir	10	6.06632205529631e-9	0	7466.84033848438	0.0537676087099464	2.77733112232849e-5	1.64008873067172	5.49906792508595	3.81804048470731e-8	1.64274557253166	5.50759728532725	3.63764390634301e-8	-212146.076246138	-219612.916584623	-7466.84033848438
liver_failure,_acute	random	1	tamoxifen	10	3.50874629456888e-13	-5.03652476353454	7456.78655686017	0.0148019622355673	8.07352571583755e-7	0.77201947448482	7.1718311249845	7.40011935019469e-13	0.74044058954066	6.86924274142086	6.45435985768144e-12	-353774.750134711	-361231.536691571	-7456.7865568602
liver_failure,_acute	random	1	sulindac	10	2.08790868397263e-25	0	7431.26474229776	0.051134636689884	7.59133953289687e-6	1.61736885805883	9.52500595558852	1.65032458902231e-21	1.52806354655419	8.98061137147896	2.69266339309724e-19	-645807.74756304	-653239.012305338	-7431.26474229782
liver_failure,_acute	random	1	stavudine	10	4.31687017823409e-7	0	7464.81326119101	0.0620885545401856	3.19435649226982e-5	1.76794138346363	4.81959254646094	1.43851711258143e-6	1.12533245741406	2.84693251038722	0.00441427196975864	-381327.657668942	-388792.470930133	-7464.81326119101
liver_failure,_acute	random	1	rifampin	10	8.60937046480323e-19	-14.2739714951604	7444.47530451216	0.0147105769112718	1.22952027240167e-6	0.778119744589692	8.69583496557936	3.44288551802646e-18	0.748304808209031	8.3436541716537	7.20294308034663e-17	-265003.189350935	-272447.664655447	-7444.47530451219
liver_failure,_acute	random	1	ramipril	10	1.86841573841714e-21	0	7440.21517205119	0.0119367617653486	4.90724960184637e-7	0.669378790465107	9.38526468918069	6.27586098303407e-21	0.669618899122946	9.38746099205956	6.14639931257176e-21	-271481.181199998	-278921.39637205	-7440.21517205116
liver_failure,_acute	random	1	quinapril	10	2.12953013906179e-12	-12.6831505255541	7455.68670929756	0.0118586467185269	8.75678741403729e-7	0.645213020913486	6.96739609240892	3.22860740851002e-12	0.64196337434781	6.93180040814261	4.15517947540036e-12	-280534.255222574	-287989.941931871	-7455.68670929759
liver_failure,_acute	random	1	propylthiouracil	10	0.157657615518614	0	7475.56465593705	0.00827561861345117	7.21259102598844e-6	0.48451998113076	1.58996365334287	0.111842998117987	0.468502477596845	1.53710515016783	0.12426756199315	-747868.409498618	-755343.974154555	-7475.56465593702
liver_failure,_acute	random	1	posaconazole	10	1.52486277679939e-7	0	7469.59058819915	0.0828664774461842	1.59614811218855e-4	2.0911196244948	4.87168966952621	1.10647870114055e-6	2.09164703196769	4.87291465159341	1.09963736770022e-6	-180329.023618301	-187798.6142065	-7469.59058819915
liver_failure,_acute	random	1	piroxicam	10	5.34536041129712e-5	0	7469.48300471273	0.0129211122513966	1.55127967452926e-6	0.688600993961291	4.07658728385202	4.57015050714212e-5	0.685319380815767	4.05634930922534	4.98456961335262e-5	-253332.023138211	-260801.506142924	-7469.48300471273
liver_failure,_acute	random	1	pioglitazone	10	0.936676311476805	0	7476.61474414219	9.66513745680531e-4	2.47397098252812e-6	0.0667444564177821	0.229569890828127	0.818426005653733	0.067326220019451	0.231570229104277	0.81687183273736	-190735.98769372	-198212.602437862	-7476.61474414219
liver_failure,_acute	random	1	penicillamine	10	0.854960383189336	0	7475.20606455347	0.00382313180576312	3.72454754339697e-6	0.121121065588161	0.360667441433529	0.718348066700173	-0.137548835787847	-0.407737988666673	0.683466044372218	-240337.739329097	-247812.94539365	-7475.20606455347
liver_failure,_acute	random	1	ofloxacin	10	0.00179920090251909	0	7470.40892733244	0.00681773574815627	3.11992821675675e-7	0.401393392437232	3.17696494033772	0.00148825026072619	0.394954169054225	3.12551514472053	0.00177493930280868	-669412.022210674	-676882.431138007	-7470.40892733238
liver_failure,_acute	random	1	nortriptyline	10	0.172831735982331	0	7473.12585254875	0.00277784555005621	9.50300827741958e-7	0.188213028872734	1.43298183963275	0.151863027245404	0.215716279316795	1.64210332800256	0.100568592110579	-649856.444877939	-657329.570730488	-7473.12585254875
liver_failure,_acute	random	1	nitrofurantoin	10	1.17056693737305e-5	0	7467.66757115634	0.00514682340826881	1.57098740371027e-7	0.341120654443166	4.40723628297407	1.04697955840166e-5	0.342364995045897	4.42317882738691	9.72591727510891e-6	-253559.574612954	-261027.24218411	-7467.66757115634
liver_failure,_acute	random	1	nifedipine	10	0.0108243066316596	0	7471.82220443327	0.00266846263021693	1.32459986766827e-7	0.184772855791147	2.58371785914592	0.00977417151964196	0.170184480040431	2.37837141585703	0.0173893005868668	-518565.727657452	-526037.549861885	-7471.82220443321
liver_failure,_acute	random	1	niacin	10	1.39449601976373e-8	0	7460.41663788439	0.00754551774138907	2.77641774990144e-7	0.466203591418095	5.67395790116345	1.39535436704374e-8	0.465080973871924	5.65942513638737	1.51880884774264e-8	-254897.912802958	-262358.329440843	-7460.41663788442
liver_failure,_acute	random	1	naproxen	10	2.98927820560132e-42	0	7396.66098572023	0.00883067018786323	8.70276851013428e-8	0.5349696311052	13.4859932756993	1.89101508549076e-41	0.541246976856892	13.6424247692921	2.23987191659828e-42	-376683.680780529	-384080.34176625	-7396.66098572023
liver_failure,_acute	random	1	moexipril	10	8.13320123393113e-4	0	7472.76053137676	0.0877754851254418	1.11673026978864e-4	1.59509538135785	3.457357024041	5.45501620381791e-4	1.59409345864551	3.45517470974674	5.49936343326545e-4	-337967.067889868	-345439.828421245	-7472.76053137676
liver_failure,_acute	random	1	methyldopa	10	0.999999999999896	0	7476.56981643935	0.00129520600221355	1.44962561097077e-6	0.00711834076130819	0.0244936158543588	0.980458875999032	0.00932435618869091	0.0320838766123181	0.974405161390732	-399408.506837936	-406885.076654376	-7476.56981643935
liver_failure,_acute	random	1	methotrexate	10	0.0790534841809997	0	7471.35307408666	0.00133035403621791	4.1800648638023e-8	0.0928505134338817	1.78277823615897	0.074622409896797	0.0940685248238309	1.80598771547447	0.0709202584480086	-398915.584782745	-406386.937856832	-7471.35307408666
liver_failure,_acute	random	1	methimazole	10	1.07290934343345e-19	-14.5939891887538	7445.94746116814	0.0174298334778477	1.18021078176838e-6	0.868636995037471	8.87392935008391	7.06093635183127e-19	0.868844575447559	8.87601423155317	6.92989808955719e-19	-578742.156573017	-586188.104034185	-7445.94746116805
liver_failure,_acute	random	1	lisinopril	10	1.8874831636494e-162	0	7161.83607701331	0.00884424858370351	2.56687968795279e-8	0.549677153137635	26.8392300155314	1.12667561545673e-158	0.54409775470052	26.538329319681502	3.50234087163132e-155	-674957.98066728	-682119.816744293	-7161.83607701329
liver_failure,_acute	random	1	levofloxacin	10	4.91684128071488e-10	-8.75334721262334	7453.86901778405	0.0101810171698413	5.22080841857022e-7	0.588141015398193	6.1950575096074	5.82637526814375e-10	0.612256879837018	6.44426250517648	1.16163877826398e-10	-269098.388503675	-276552.257521459	-7453.86901778408
liver_failure,_acute	random	1	lamotrigine	10	2.61574892514674e-4	0	7466.37264896298	-0.00453150901458003	1.69535832852113e-7	-0.464545458166601	-3.66809592038289	2.44363514188568e-4	-0.477314617417693	-3.76445206787371	1.66914680258542e-4	-312473.104652515	-319939.477301478	-7466.37264896301
liver_failure,_acute	random	1	lamivudine	10	8.77671126604329e-5	0	7470.67659372382	0.0389112051069083	1.87087717219005e-5	1.16446380285686	3.95150434170374	7.76614629984179e-5	1.15940709660712	3.92970284910644	8.50509012318232e-5	-469981.952835848	-477452.62942957203	-7470.67659372382
liver_failure,_acute	random	1	ketorolac	10	0.298128026014303	0	7475.43785661404	0.00384292961169844	5.17317080871112e-7	0.222475810568257	1.1461958115494	0.251714140556748	0.249289845186375	1.28411188715485	0.199102809366198	-387895.17458005	-395370.612436664	-7475.43785661401
liver_failure,_acute	random	1	itraconazole	10	0.0172890129943187	0	7473.67924863496	0.00920242092323542	2.88513945300696e-6	0.513019652639682	2.48536737843173	0.0129417798962771	0.505785761186382	2.44999901283639	0.0142856606360191	-319556.788243861	-327030.467492496	-7473.67924863496
liver_failure,_acute	random	1	isoniazid	10	4.71556240215501e-9	0	7462.62845498652	0.014599320521667	1.30299452122657e-6	0.76122976224885	5.81010529552303	6.24335623274899e-9	0.763113263981372	5.82382213246844	5.75167897201336e-9	-237194.27476944	-244656.903224426	-7462.62845498652
liver_failure,_acute	random	1	interferon_beta-1a	10	2.48858250799291e-6	-7.78759398471448	7461.56294188407	-0.00820032441463387	2.25481332636623e-7	-1.02548499204209	-4.57380029222657	4.78956391420999e-6	-1.02540544152823	-4.57344463535449	4.79770496477933e-6	-206360.106368064	-213821.669309948	-7461.56294188407
liver_failure,_acute	random	1	interferon_beta-1a	10	2.48858250799291e-6	0	7459.4040949624	-0.00746229989935777	9.19813488859799e-8	-1.02548485304381	-4.57499913491881	4.7622195431308e-6	-1.03179801692546	-4.60085722162971	4.20755772488944e-6	-796936.552044494	-804395.956139456	-7459.4040949624
liver_failure,_acute	random	1	infliximab	10	0.0062922198868877	0	7468.25887214235	-0.00625897922942473	2.3480969126366e-7	-0.740610481299888	-2.76197184784902	0.00574534321355991	-0.7481404511557	-2.78949795844286	0.00527898292713406	-273439.45865655	-280907.717528693	-7468.25887214235
liver_failure,_acute	random	1	indomethacin	10	2.04760917150852e-29	-39.6196737159626	7429.48400484215	0.0168885929894015	3.91315122154275e-7	0.855071747428865	10.982128868945	4.65815079344792e-28	0.851960423977834	10.9343195034272	7.89964134619554e-28	-245370.672475711	-252800.156480554	-7429.48400484215
liver_failure,_acute	random	1	ibuprofen	10	8.32475130907337e-74	0	7374.09608486321	0.00825972976462995	2.73725704207099e-8	0.510244429335686	17.9973251822931	2.04457813077807e-72	0.400901834818757	14.0516569720254	7.52524720235135e-45	-1384445.7603274	-1391819.85641227	-7374.09608486318
liver_failure,_acute	random	1	gemcitabine	10	0.999999999983748	0	7476.60563663681	0.00500222559448217	5.45089498173479e-6	0.0435875711083231	0.0968007461818999	0.922884631351596	0.13431906384331	0.298296732717016	0.765476697762091	-523265.310686625	-530741.916323262	-7476.60563663678
liver_failure,_acute	random	1	fluconazole	10	2.63223507753433e-90	-132.204839323327	7332.22203002989	0.0179772260517992	2.92866010949185e-7	0.899078749798767	19.5237929938539	6.89264421907033e-85	0.888286115234372	19.2220196697747	2.42158264229247e-82	-306494.88440487	-313827.1064349	-7332.22203002992
liver_failure,_acute	random	1	etodolac	10	4.34056443059692e-4	0	7469.27365440901	0.0094549350336906	1.68307233558674e-6	0.558131278456505	3.5740721220616	3.5147204944363e-4	0.557815039106888	3.53849750305568	4.02411087310563e-4	-202547.155544164	-210016.429198573	-7469.27365440901
liver_failure,_acute	random	1	erythromycin	10	3.345500763015e-21	-25.1279069911689	7434.18139326965	0.00900806557095282	1.54865206986882e-7	0.537042481025475	9.37546595405055	6.88708902683593e-21	0.52606702170022	9.17438360300307	4.54165291753615e-20	-324120.549627738	-331554.731021008	-7434.18139326968
liver_failure,_acute	random	1	efavirenz	10	1.69411285874996e-8	0	7467.28426387272	0.0771281375314941	1.21263893495791e-4	1.93327273860474	5.23709010031881	1.63128068139117e-7	1.62049279850151	4.32816180547303	1.50358993237083e-5	-1144571.59390066	-1152038.87816453	-7467.28426387254
liver_failure,_acute	random	1	diltiazem	10	1.88312968945205e-15	-18.6755942874006	7448.58118457493	0.0103049858185251	4.46318331582794e-7	0.593028227123104	7.88295646377561	3.1972449050342e-15	0.592375629087197	7.87268927251691	3.47097981232691e-15	-275756.798920248	-283205.380104823	-7448.58118457493
liver_failure,_acute	random	1	didanosine	10	3.54101768019181e-62	-54.8641777501325	7414.00112322619	0.0744537756495385	1.11947956077467e-5	1.9884263851958	14.3339188062212	1.34322149435404e-46	1.98819723952203	14.3321718629325	1.37744532513259e-46	-235729.808206099	-243143.809329325	-7414.00112322619
liver_failure,_acute	random	1	cyclosporine	10	4.55373681599949e-4	0	7469.30654095521	-0.00547542613443086	2.53979865706379e-7	-0.614380441650492	-3.5149729223948	4.39798828513147e-4	-0.615961302081065	-3.41127183099113	6.46605934374422e-4	-306817.739406142	-314287.045947097	-7469.30654095521
liver_failure,_acute	random	1	ciprofloxacin	10	1.21333129375288e-140	0	7230.13047524737	0.0171776001944045	1.72249720463249e-7	0.874707392228605	24.4894577642692	1.91318020446621e-132	0.879356207573434	24.600818193695	1.23796987287298e-133	-652654.939477624	-659885.069952871	-7230.1304752474
liver_failure,_acute	random	1	caspofungin	10	5.1318825583625e-13	-7.32922474478255	7454.71751569636	0.161518829414873	8.58119634057172e-4	2.66844651433739	5.99760864974956	2.00244386233166e-9	2.77138355817482	6.19485552678249	5.83385161211985e-10	-211279.781788388	-218734.499304084	-7454.71751569636
liver_failure,_acute	random	1	carbamazepine	10	3.22369335796253e-5	0	7464.97516116046	-0.006728954243413	1.2139101537222e-7	-0.767619541945273	-4.1192177105844	3.80160836655539e-5	-0.76631604393964	-4.11215735873956	3.91978969924324e-5	-278788.487432073	-286253.462593234	-7464.97516116046
liver_failure,_acute	random	1	captopril	10	4.62665627423115e-31	-28.4571532259579	7433.15786328627	0.0185702058895934	5.13539778253818e-7	0.909785480094368	11.2603407105085	2.05960876588857e-29	0.909253287490616	11.2534271153835	2.22764821584933e-29	-630001.544740941	-637434.702604227	-7433.15786328621
liver_failure,_acute	random	1	bosentan	10	3.57374737902386e-9	0	7463.55880411377	0.0320871658857298	8.85268013591214e-6	1.24761478170058	5.72155430483822	1.05553908180758e-8	1.25599432081627	5.75663848029706	8.58053966087136e-9	-310041.524258032	-317505.083062145	-7463.55880411377
liver_failure,_acute	random	1	allopurinol	10	2.16773153553084e-33	0	7413.73913843121	0.0104921993197474	1.35285597357545e-7	0.60442729744582	11.8931620853211	1.28449653694101e-32	0.593857251732106	11.6795586617722	1.62135151996527e-31	-483624.643371642	-491038.382510073	-7413.73913843121
liver_failure,_acute	random	1	acetazolamide	10	0.793549428880159	0	7469.43759179776	0.00161732895996828	2.12585411008408e-6	0.099154868899301	0.39369002346493	0.693809907894202	-0.18392084834055	-0.725082440780194	0.468401455976741	-640073.716121107	-647543.153712904	-7469.43759179779
liver_failure,_acute	random	1	abacavir	10	1.24172874007561e-29	0	7446.69163871356	0.0795580023513033	9.9140500206133e-6	1.95496996525974	9.89570814193473	4.3452417128313e-23	1.82536505019473	9.11960421150308	7.53991798309549e-20	-844762.47610972	-852209.167748433	-7446.69163871359
liver_failure,_acute	random	0	tetrahydrocannabinol	10	9.39639935043463e-6	0	7469.99470443546	0.0408030683322999	2.68061857097863e-5	1.41933217097682	4.37158060005576	1.23350297808677e-5	1.44441759515569	4.44881608599489	8.63449098022529e-6	-354716.127200507	-362186.121904942	-7469.99470443546
liver_failure,_acute	random	0	sucralfate	10	0.00356989152909322	0	7464.15346672863	0.00794588192094771	1.01168892054337e-6	0.460025276620433	2.98377142306476	0.00284719382874046	0.456781831067998	2.96212773801562	0.00305521004468456	-255095.9737606	-262560.127227329	-7464.15346672866
liver_failure,_acute	random	0	scopolamine	10	0.0966462897416041	0	7473.79521424882	0.012949784117309	4.09329115604051e-6	0.560270890643251	1.83705214669868	0.0662021975674136	0.444564739167248	1.44707207822229	0.147876737273336	-303858.910383707	-311332.705597955	-7473.79521424882
liver_failure,_acute	random	0	primidone	10	0.779195791642944	0	7476.43897376297	-5.26693900482508e-4	1.19868762345297e-6	-0.0846813771861937	-0.385616651612283	0.699780599113255	-0.0842561603370053	-0.383678813216688	0.701216517589787	-237013.773129821	-244490.212103584	-7476.43897376297
liver_failure,_acute	random	0	phentermine	10	0.0265497009267291	0	7474.26447552515	0.00617814367578497	4.32437400463468e-7	0.382601326946655	2.30390055724683	0.0212282264256041	0.385008989948413	2.31839228762111	0.0204280108271389	-217283.12275311	-224757.387228635	-7474.26447552515
liver_failure,_acute	random	0	oxybutynin	10	0.115780290713004	0	7473.93706565278	0.00271806558642524	2.79183951990542e-7	0.176325706187219	1.62953873103605	0.103199022674854	0.175821481935227	1.62487016718243	0.104190226075914	-262062.228717209	-269536.165782862	-7473.93706565278
liver_failure,_acute	random	0	miconazole	10	2.08957330972137e-4	0	7469.96974475737	0.0191384925409534	1.3860922324206e-5	0.901473958022898	3.76364090254026	1.67457302403995e-4	0.903575834366126	3.77229662632788	1.61751796641103e-4	-266296.942337289	-273766.912082046	-7469.96974475734
liver_failure,_acute	random	0	lipase	10	4.98319971011491e-8	0	7465.25694713453	0.0207540961128813	2.13473976027451e-6	0.968118012355077	5.38213599571267	7.36071187082473e-8	0.965933251778306	5.36959742972582	7.89125956757348e-8	-263713.361456432	-271178.618403566	-7465.25694713456
liver_failure,_acute	random	0	lactulose	10	7.79050171930961e-241	-361.149783975678	7083.18717461324	0.0357796559108278	7.87431146200441e-7	1.37727491677695	30.7060497353647	4.72591041697824e-207	1.4023483578135	30.4829737546479	4.38189624696045e-204	-572079.910848335	-579163.098022949	-7083.18717461324
liver_failure,_acute	random	0	hyoscyamine	10	0.0333671269196174	0	7465.1843785127	0.00563664418911539	1.29818611645755e-6	0.31771064304541	2.20269128763506	0.0276165147520432	0.322013427873692	2.23191956174398	0.0256202797578522	-400072.030115573	-407537.214494085	-7465.18437851273
liver_failure,_acute	random	0	fluticasone	10	1.90877443298574e-37	0	7402.04729187014	0.00777662169424982	2.45189549260435e-8	0.480747745149571	12.6897825091333	6.73726098981914e-37	0.470519316770092	12.3941951220051	2.80952454159689e-35	-992284.577969136	-999686.625261007	-7402.04729187011
liver_failure,_acute	random	0	ferrous_gluconate	10	0.00544895548140987	0	7473.00237441796	0.0087977631282214	5.31558592363988e-7	0.450434181067817	2.85315262971234	0.00432878250289035	0.437051327729737	2.76733372755703	0.005651686700669	-333297.820438918	-340770.822813336	-7473.00237441796
liver_failure,_acute	random	0	endopeptidases	10	4.47298321367413e-4	0	7470.36959038241	0.0218098161333546	3.18160023623099e-6	0.882372336706701	3.58120729895782	3.42010150939465e-4	0.878520327482932	3.56512132274902	3.63687915212899e-4	-264618.64021251	-272089.009802892	-7470.36959038244
liver_failure,_acute	random	0	dicyclomine	10	6.13286066211141e-50	0	7400.31604341019	0.0243807504352449	4.68408997336282e-7	1.08597883118452	14.2142336854358	7.47653798704071e-46	1.08519505385194	14.199098369083	9.27986775461128e-46	-358193.905828008	-365594.221871418	-7400.31604341016
liver_failure,_acute	random	0	cosyntropin	10	1.6290610592913e-20	0	7458.94905440899	0.114938953292583	1.01989939106087e-4	2.31246972940166	7.83730459106853	4.60320503432407e-15	2.31376700565282	7.84169562522725	4.44502759913686e-15	-223508.256879321	-230967.20593373	-7458.94905440899
liver_failure,_acute	random	0	benzocaine	10	0.699184592627986	0	7476.46392333755	0.00309154936225985	3.01859201995173e-6	0.136605768972031	0.525031734341055	0.599561130469457	0.13631607297994	0.52391296959601	0.600339073608147	-323277.957140337	-330754.421063675	-7476.46392333752
liver_failure,_acute	random	0	adenosine	10	7.51950642137777e-21	0	7434.16676888053	0.015495721052155	8.6326177901841e-7	0.792251789784583	9.18717128504928	4.03307265549487e-20	0.800012466758549	9.27597463360049	1.7600247885587e-20	-760826.450001187	-768260.616770067	-7434.16676888056
acute_myocardial_infarction	random	1	tolmetin	10	1.61231758505161e-41	-35.7606370259018	7433.21669988043	0.136510143483757	3.05185735730496e-5	2.00849382439218	11.6430710122717	2.48889435897644e-31	2.00653750653388	11.631205494141	2.86029380513225e-31	-343508.389594307	-350941.606294188	-7433.21669988043
acute_myocardial_infarction	random	1	sumatriptan	10	0.450314672504587	0	7476.08877374948	0.0023554401518617	9.31210571912182e-7	0.0819225025918074	0.807402140388506	0.419434834193249	0.082504399649856	0.813131188910308	0.41614284628871	-358138.680472301	-365614.76924605	-7476.08877374948
acute_myocardial_infarction	random	1	sulindac	10	8.68876686293125e-92	0	7379.09327897319	0.130101746980889	3.94868056461305e-5	1.97245768559582	17.4778709655815	2.11240149547652e-68	1.97355177493059	17.4875308103722	1.78317644420428e-68	-308217.421857785	-315596.515136759	-7379.09327897319
acute_myocardial_infarction	random	1	piroxicam	10	2.17334370787042e-37	0	7422.64669955731	0.0536222423809033	3.65697905778483e-6	1.19943815036491	12.1237930948804	7.90156679259718e-34	1.19937532652306	12.1218752044264	8.08869540173569e-34	-352407.79993929	-359830.446638848	-7422.64669955731
acute_myocardial_infarction	random	1	oxaprozin	10	3.15837631424994e-82	0	7382.57100277214	0.134279725224107	7.19396011557885e-5	1.98528451400074	16.5032400241915	3.47723834729599e-61	1.9368386683635	15.5882968135819	8.74337046995435e-55	-560936.728320976	-568319.299323748	-7382.57100277208
acute_myocardial_infarction	random	1	nortriptyline	10	1.30474442068566e-21	0	7431.08364595112	0.0250559159545974	4.89607842910147e-7	0.706420828390232	9.40485816594017	5.21004263026948e-21	0.801425666608186	10.6678055792932	1.43986695161441e-26	-359336.678881206	-366767.762527157	-7431.08364595112
acute_myocardial_infarction	random	1	nifedipine	10	0	-797.298591272585	6650.7716200361	0.069628613533568	1.32958703919511e-6	1.4206480427147	46.7408558123134	0	1.33021942073858	42.5593834085301	0	-657640.65612723306	-664291.427747269	-6650.7716200361
acute_myocardial_infarction	random	1	nabumetone	10	4.79602431779804e-30	0	7431.8146252507	0.0467017796726084	1.99080162347397e-6	1.10067573845104	10.9123496808105	1.00621411153214e-27	1.09862773867159	10.8824477259787	1.39758812501609e-27	-356219.584388667	-363651.399013918	-7431.8146252507
acute_myocardial_infarction	random	1	moexipril	10	1.24194330433371e-4	0	7471.08378999191	0.0902858669929838	6.31812439608449e-5	1.43290251340211	3.85233203440114	1.16998228469804e-4	1.4186600461992	3.78640493124002	1.52842533303828e-4	-408837.508570833	-416308.592360825	-7471.08378999191
acute_myocardial_infarction	random	1	ketorolac	10	8.77381670258494e-15	0	7453.25688741723	0.0301362932097219	2.60310341561854e-6	0.817686312687267	7.62016844013074	2.53344903831648e-14	0.816365256671913	7.60741488673276	2.79632550056666e-14	-323832.020620645	-331285.277508062	-7453.25688741723
acute_myocardial_infarction	random	1	ketoprofen	10	0.662054292618194	0	7474.72107950645	-0.00257837621667506	6.19902674820885e-6	-0.213335259802495	-0.597248842760753	0.550341253853888	-0.239217364855371	-0.669301511776996	0.50330316263548	-404754.244594963	-412228.965674469	-7474.72107950645
acute_myocardial_infarction	random	1	indomethacin	10	1.44249640240308e-121	0	7291.69777374703	0.0482165522740263	1.27679648890349e-6	1.13199440152583	22.2827102662711	5.43666291834475e-110	1.12509326873297	22.1310885922444	1.58699583064543e-108	-362479.371470144	-369771.069243891	-7291.69777374703
acute_myocardial_infarction	random	1	imipramine	10	0.0131476520405352	0	7472.71651611751	0.0106955059488142	3.49959326044678e-6	0.356599889994053	2.54892352565649	0.0108055992469009	0.351708336095555	2.51099226251787	0.0120392335760283	-543525.9766144	-550998.693130518	-7472.71651611745
acute_myocardial_infarction	random	1	etodolac	10	3.40711797392882e-19	0	7382.19186892716	0.033238405663879	2.74036182341078e-6	0.868065481559308	8.75153181476137	2.10475990027976e-18	0.85800398412959	8.63800376177753	5.72037348257241e-18	-475104.38620101	-482486.578069938	-7382.19186892716
acute_myocardial_infarction	random	1	estropipate	10	0.118597058558711	0	7474.76123840144	0.0453433367877605	5.17032368794963e-5	0.849510995888393	1.84535287088373	0.0649862241387172	0.81119644982728	1.7562494655262	0.0790458218467851	-493165.320160081	-500640.081398482	-7474.76123840141
acute_myocardial_infarction	random	1	estradiol	10	6.2091193896871e-21	0	7439.28721002478	0.0272855837961628	3.39762905100506e-6	0.768889568373899	9.21731961004285	3.04619483789047e-20	0.748146285317019	8.94637204501947	3.6735736764719e-19	-319801.088524594	-327240.375734619	-7439.28721002478
acute_myocardial_infarction	random	1	epoetin_alfa	10	2.06277789011078e-19	0	7451.90519021027	0.0711392334271385	2.64433320779147e-5	1.4214385918367	8.44025444483298	3.1664760267136e-17	1.42235715127831	8.4457030347643	3.02221072003739e-17	-298738.646413088	-306190.551603298	-7451.90519021027
acute_myocardial_infarction	random	1	dipyridamole	10	2.52426189664092e-85	0	7380.27455959021	0.115241803861987	3.35037263656284e-5	1.84944832998669	17.1463347869642	6.6943848182258395e-66	1.8514985271038	17.1522796128058	6.04345042201871e-66	-336034.726622732	-343415.001182323	-7380.27455959021
acute_myocardial_infarction	random	1	diflunisal	10	9.35828776435019e-13	0	7460.0087470857	0.103900681273648	8.97809629967962e-5	1.6183434271125	6.63974442275269	3.14227524566978e-11	1.60133731730062	6.55547031095099	5.54667840879168e-11	-646990.795330356	-654450.804077441	-7460.0087470857
acute_myocardial_infarction	random	1	desipramine	10	0.170888004357532	0	7475.26625686331	0.0369660477285139	2.84599828002497e-5	0.619594558860545	1.60174856633224	0.109211220838487	0.586120727057541	1.51073056971137	0.130857110501477	-362771.513430546	-370246.77968741	-7475.26625686331
acute_myocardial_infarction	random	1	darbepoetin_alfa	10	1.04863225951332e-5	0	7468.93517223641	0.0270754497248098	8.65270556361926e-6	0.669016003861952	4.42700337204804	9.5551239283908e-6	0.618252970729102	4.08077638485177	4.48855216504174e-5	-424189.106506976	-431658.041679213	-7468.93517223641
acute_myocardial_infarction	random	1	bromocriptine	10	0.297244763492246	0	7475.23363458167	-0.00620295942787884	4.22477307643661e-6	-0.323919624542681	-1.15716403569321	0.247205348241888	-0.404592914060372	-1.44299701780373	0.149021311314109	-372592.885409542	-380068.119044124	-7475.23363458167
acute_myocardial_infarction	random	1	amoxapine	10	1.18874342151456e-15	-13.9072336491081	7455.27594978793	0.0555086140008443	1.35404037225894e-5	1.21798467587276	7.66124997041897	1.8413206762851e-14	1.21839934153424	7.66376302631959	1.80562920643664e-14	-327078.746355532	-334534.02230532	-7455.27594978793
acute_myocardial_infarction	random	1	amlodipine	10	0	-1891.08813826833	5566.13320927258	0.0491095623463195	1.2245878471943e-7	1.17893795015296	70.9877228702408	0	1.17870185161794	70.972928491045	0	-563400.998993236	-568967.132202509	-5566.13320927264
acute_myocardial_infarction	random	0	zafirlukast	10	9.5532241337129e-13	0	7464.42280226253	0.175485043098589	3.43152816566694e-4	2.18939568108369	6.24914294218018	4.1271107910429e-10	2.19330719452378	6.26030210429496	3.84232385154638e-10	-379759.625297354	-387224.048099617	-7464.42280226253
acute_myocardial_infarction	random	0	vitamin_a	10	0.00105773863771664	0	7471.90661220904	0.0194799936364721	7.81581074742752e-6	0.595333870518982	3.34265057523635	8.29823204361604e-4	0.596965965412172	3.35181218819122	8.02844632914125e-4	-294713.844249844	-302185.750862053	-7471.90661220904
acute_myocardial_infarction	random	0	urea	10	1.81293993049672e-80	0	7374.51376016368	0.080244222605164	1.20824742836551e-5	1.52005416276305	17.3635924713103	1.55670708492003e-67	1.49554964238669	17.0520457493228	3.37510809917482e-65	-356832.093297194	-364206.607057358	-7374.51376016368
acute_myocardial_infarction	random	0	tinidazole	10	0.016918419469016	0	7474.07359237672	0.0514144600120312	4.0494120573619e-5	1.01165904700393	2.58740607641539	0.00967015548978629	1.0195734271177	2.60764582917851	0.00911672281488421	-372922.676518756	-380396.750111133	-7474.07359237672
acute_myocardial_infarction	random	0	thiothixene	10	1.14632798962751e-25	0	7448.94449186878	0.12936680573192	8.35593327473396e-5	1.92367192302971	9.22251050699457	2.90224074000081e-20	1.92623821686818	9.23459498750578	2.5926498531112e-20	-763286.154785792	-770735.09927766	-7448.94449186872
acute_myocardial_infarction	random	0	terbinafine	10	1.58048011358823e-24	0	7432.1998563555	0.0277630683954851	1.30917521839035e-6	0.762716703497749	10.0313620375102	1.10975052453564e-23	0.75328624972933	9.90112898257214	4.11601984048423e-23	-467210.10540743603	-474642.305263791	-7432.1998563555
acute_myocardial_infarction	random	0	temazepam	10	4.29068018196588e-144	0	7263.72329403157	0.0536805738542576	1.0513739359994e-6	1.20993950542574	24.1089554882445	2.01362523756218e-128	1.207585532187	24.0453158720807	9.34489763804237e-128	-392420.285315009	-399684.008609041	-7263.72329403157
acute_myocardial_infarction	random	0	sulfasalazine	10	5.74497033606846e-8	0	7463.18458039907	0.013906104457489	9.05207922683961e-7	0.45593289163649797	5.43138529342345	5.59182545652155e-8	0.457266510614217	5.44707777190584	5.12040784088943e-8	-421087.303466822	-428550.488047221	-7463.18458039907
acute_myocardial_infarction	random	0	sucralfate	10	3.46012204878819e-95	0	7348.41345813946	0.0703322413670462	7.41462718647775e-6	1.4171574990167	19.1302376531141	1.41427999803244e-81	1.41815619467952	19.1436502899329	1.09335022869373e-81	-362747.364396033	-370095.777854172	-7348.41345813946
acute_myocardial_infarction	random	0	stavudine	10	6.32876039030408e-36	0	7442.53599594138	0.195099853026274	6.91485019509953e-5	2.36065341289048	10.2616323230363	1.04918006945009e-24	2.36766458612333	10.2810090888355	8.5824272914777e-25	-540388.396892013	-547830.932887954	-7442.53599594138
acute_myocardial_infarction	random	0	simethicone	10	5.90193635797597e-9	0	7461.66490376135	0.0194552774728471	2.54063462763382e-6	0.582386716543365	5.80301449127585	6.5133159879644e-9	0.582661650329658	5.80443246958077	6.45843833411221e-9	-487084.563821766	-494546.228725528	-7461.66490376135
acute_myocardial_infarction	random	0	scopolamine	10	0.517597636094662	0	7473.02166930021	0.0100055190807994	9.71759820057137e-6	0.207238491112826	0.790243540316664	0.429385552624178	0.0316456747226805	0.118077176667844	0.906006507307759	-1154712.74883535	-1162185.77050465	-7473.02166930027
acute_myocardial_infarction	random	0	prochlorperazine	10	1.14755688645512e-70	0	7390.07741762913	0.0956425005207191	2.25229426482726e-5	1.66908845479805	15.9641222582497	2.27215632371125e-57	1.66736427699443	15.9452816873172	3.07251601636704e-57	-377763.020476487	-385153.097894116	-7390.07741762913
acute_myocardial_infarction	random	0	primidone	10	3.00948594162899e-5	0	7468.95191448421	0.0178198281584529	2.00319187662101e-6	0.506121176197603	4.2040103832892	2.62226899992774e-5	0.503843801969148	4.18481295019899	2.85401011331632e-5	-436961.449532078	-444430.401446563	-7468.95191448421
acute_myocardial_infarction	random	0	prilocaine	10	4.31685174159204e-19	0	7444.98486812419	0.0592053211696858	1.85953069493735e-5	1.25379472044759	8.49151050597489	2.03968485852184e-17	1.25480776032948	8.49508193299125	1.97793337878763e-17	-511270.951791465	-518715.93665959	-7444.98486812419
acute_myocardial_infarction	random	0	oxybutynin	10	3.9792406444578e-62	0	7372.42659458925	0.0349517106065919	7.55946024737291e-7	0.907893824034613	16.1180052351786	1.90664999255485e-58	0.902555347024472	16.0109327551965	1.07190745485676e-57	-446272.358654386	-453644.785248975	-7372.42659458925
acute_myocardial_infarction	random	0	nevirapine	10	0.22046073189755	0	7475.61579179362	0.0316481215719072	1.95062338605293e-5	0.618460532234828	1.48026775242934	0.138801805569976	0.646504495977487	1.54738658406646	0.121770054338948	-485076.52888675	-492552.144678543	-7475.61579179362
acute_myocardial_infarction	random	0	miconazole	10	0.00123645344513426	0	7472.01152830059	0.0259715989208065	8.43167349339584e-6	0.651553282108596	3.30502900916952	9.49665700645695e-4	0.659119557105748	3.34288369158627	8.29126434215678e-4	-675930.988778459	-683403.000306759	-7472.01152830059
acute_myocardial_infarction	random	0	methocarbamol	10	6.78802508518351e-64	0	7359.6322612275	0.034133665621733	1.22792424426619e-6	0.901556968612881	16.3587460958246	3.76806689755735e-60	0.886337758420333	15.9731386817235	1.9663697553112e-57	-466518.256834405	-473877.889095632	-7359.63226122747
acute_myocardial_infarction	random	0	methimazole	10	0.15818896683426	0	7475.27969068475	0.00447113342008133	9.72375515271262e-7	0.146448932535722	1.4635088243061	0.143328200807449	0.0883410326807071	0.879677018898752	0.379034302305518	-660037.202706405	-667512.482397089	-7475.27969068475
acute_myocardial_infarction	random	0	metaxalone	10	1.49339415813825e-87	-118.585313022224	7342.93442984248	0.0360878705200076	1.55332218315107e-6	0.936957668665887	19.1651709858497	7.23187210404829e-82	0.903687029996395	18.376014841843	2.04448070710088e-75	-406893.719468885	-414236.653898727	-7342.93442984251
acute_myocardial_infarction	random	0	mebendazole	10	0.0641745953735437	0	7473.75916432444	0.0159312238798145	5.86829358321867e-6	0.476834915199723	1.98247567542255	0.0474260272088783	0.430612554100241	1.78807844357968	0.0737633529066954	-777612.852480559	-785086.61164488306	-7473.75916432438
acute_myocardial_infarction	random	0	loratadine	10	1.97627093134334e-123	-204.726634563791	7253.08878782019	0.0236997674304699	1.79865589751012e-7	0.699577810020866	23.1764102103873	7.8762470552864e-119	0.69591549720834	23.0442038195513	1.68154175294505e-117	-516693.818224947	-523946.907012768	-7253.08878782019
acute_myocardial_infarction	random	0	lithium_citrate	10	3.71086712922631e-11	-2.61510540384916	7466.7250457551	0.209621184324226	9.79485026528734e-4	2.43881086886624	5.67714261748233	1.36963278454098e-8	2.43986731357485	5.67960038983138	1.35009791248656e-8	-330544.581327932	-338011.306373687	-7466.7250457551
acute_myocardial_infarction	random	0	lipase	10	0.255169681092953	0	7475.18132672977	-0.00437749804891783	7.7801958087038e-7	-0.294312537554053	-1.23678388759706	0.216167325381484	-0.293152822046067	-1.23190680527125	0.217983899012057	-356350.015694898	-363825.197021628	-7475.18132672977
acute_myocardial_infarction	random	0	lactulose	10	1.22727949432922e-21	0	7409.19337848583	0.0144855423065237	6.36541061004805e-7	0.469660337304985	9.49909724337312	2.11717710754021e-21	0.506008126523872	9.99026982985941	1.68123466555651e-23	-570155.532374176	-577564.725752662	-7409.19337848586
acute_myocardial_infarction	random	0	ketoconazole	10	4.22338512080672e-23	-32.4853756449593	7427.40551171423	0.0157483368257052	4.3944884665111e-7	0.502144019250753	9.82743099948281	8.57790049609567e-23	0.515452233533159	10.082501986948	6.60231401490031e-24	-433325.223286256	-440752.628797971	-7427.40551171423
acute_myocardial_infarction	random	0	hyoscyamine	10	7.48823651725515e-8	0	7464.57572518135	0.0161833585867855	4.36808712259928e-7	0.515051926629914	5.38027161397383	7.43735390969712e-8	0.503382755810179	5.24049316696701	1.60148018207336e-7	-321943.556225852	-329408.131951034	-7464.57572518132
acute_myocardial_infarction	random	0	fluticasone	10	1.10459982844731e-160	-284.790286246309	7182.40815971035	0.0224167694836007	1.92473423901871e-7	0.673731357807348	26.5278166103765	4.63094588614182e-155	0.673503964245282	26.5185812986368	5.91835398712968e-155	-467560.621523645	-474743.029683355	-7182.40815971035
acute_myocardial_infarction	random	0	ferrous_gluconate	10	1.67109617518736e-97	0	7351.57924163662	0.0730467704566022	7.13328051692303e-6	1.44291098829447	19.30940242882	4.47722692440737e-83	1.38610018448643	18.4780395322463	3.10251357540971e-76	-464153.499980902	-471505.079222539	-7351.57924163662
acute_myocardial_infarction	random	0	endopeptidases	10	0.0373997761218986	0	7474.54525805888	0.0159718432649216	8.07922285625604e-6	0.477898942829315	2.19647928420877	0.0280576563198841	0.459997707245832	2.07942169846188	0.0375786078434856	-431597.20670794	-439071.751965999	-7474.54525805888
acute_myocardial_infarction	random	0	dicyclomine	10	2.44304821405109e-19	0	7437.28383514367	0.0205730608465847	1.35300385772532e-6	0.617728006542833	8.8955895721746	5.81099656100127e-19	0.570717623051234	8.16945417757889	3.09787821514972e-16	-507639.006695295	-515076.290530439	-7437.28383514367
acute_myocardial_infarction	random	0	cosyntropin	10	0.296255212770297	0	7475.81160894083	0.044334031479642	2.47189474404544e-5	0.607488353672218	1.3279773809057	0.184185579388468	0.608469139460768	1.32980026304831	0.183584089259156	-503780.246680157	-511256.058289098	-7475.81160894083
gastrointestinal_hemorrhage	random	1	tolmetin	10	0.513755719469696	0	7469.45103835635	0.00894143159123474	2.0208490833456e-5	0.286625921401691	0.844257819815036	0.398525350947499	0.0923993196093253	0.269521374110273	0.787528496400189	-1138142.63467113	-1145612.08570949	-7469.45103835617
gastrointestinal_hemorrhage	random	1	sulindac	10	2.8711364400039e-10	0	7460.92584134528	0.0432687326181934	1.39744386822922e-5	0.988476181584414	6.17650435741104	6.55364017370594e-10	0.962344205885718	5.99441461069385	2.04219736220458e-9	-325472.740586125	-332933.66642747	-7460.92584134528
gastrointestinal_hemorrhage	random	1	sertraline	10	9.15578641824618e-154	-245.184011353413	7215.85383014492	0.0305200477879817	2.94520753618152e-7	0.789666788311927	25.7667319008645	2.09344500090219e-146	0.770494119472739	25.0939932813819	5.78389241332373e-139	-488571.732467226	-495787.586297371	-7215.85383014492
gastrointestinal_hemorrhage	random	1	potassium_chloride	10	8.58708171983598e-208	0	7143.43474956957	0.0405499974190315	2.39370163878057e-7	0.963726879207127	29.6329554695139	5.62422961260858e-193	0.954079046011336	29.1812653562211	3.35281177522685e-187	-464183.804503876	-471327.239253445	-7143.43474956957
gastrointestinal_hemorrhage	random	1	piroxicam	10	3.35302384193506e-70	0	7381.81050632958	0.0773683662009821	9.85866421856723e-6	1.42356390135152	16.3770506728487	2.78945023771854e-60	1.42494999945064	16.3927764460311	2.15378410437273e-60	-500118.078665066	-507499.889171396	-7381.81050632958
gastrointestinal_hemorrhage	random	1	oxaprozin	10	0.384530808122764	0	7473.46096667781	0.0162318261080063	1.18570280988276e-5	0.240226653597608	1.00147797758304	0.316595781814681	0.173568153841388	0.717471632462947	0.473083133972051	-572016.371088207	-579489.832054885	-7473.46096667787
gastrointestinal_hemorrhage	random	1	naproxen	10	0	-951.305152541812	6489.57239136193	0.0621301400023174	2.22773186653738e-7	1.27820471297872	62.3929039049918	0	1.24076130808616	60.284354339148	0	-1172925.66495331	-1179415.23734467	-6489.57239136193
gastrointestinal_hemorrhage	random	1	nabumetone	10	1.31401901014504e-16	0	7449.87743045861	0.0354509733501894	2.85984319160372e-6	0.867577541638515	8.09575851973865	5.69086166874734e-16	0.835061344659871	7.76167783685911	8.38130886720969e-15	-337632.069885214	-345081.947315673	-7449.87743045861
gastrointestinal_hemorrhage	random	1	meloxicam	10	4.37419864692182e-197	-295.553213135572	7164.16069989873	0.042652819265042	7.24888724295428e-7	0.993277077639183	28.7852139085487	3.28498008887715e-182	0.974701467633069	28.2039586897729	5.22911205523531e-175	-549887.914558056	-557052.075257955	-7164.16069989873
gastrointestinal_hemorrhage	random	1	mefenamate	10	0.0802423683632491	0	7475.05051132495	0.048871227800845	6.34977271224764e-5	0.939295186725562	2.02903202352855	0.0424550286854004	0.942785974031527	2.03656803736772	0.0416933485254066	-356924.788707134	-364399.839218459	-7475.05051132495
gastrointestinal_hemorrhage	random	1	ketorolac	10	4.65801007478304e-41	0	7415.84332854371	0.0542523065049321	8.35950817387122e-6	1.14456673339951	12.7855073954744	1.97569177344278e-37	1.14133839997324	12.7478764732406	3.20353047176395e-37	-497889.670102875	-505305.513431418	-7415.84332854371
gastrointestinal_hemorrhage	random	1	ketoprofen	10	0.0172048958332344	0	7473.50455125043	0.0214301408137881	2.09144499372909e-5	0.587987788092203	2.50050712947127	0.0124015636818631	0.584989520820329	2.47814340034888	0.0132068053889419	-329147.129283737	-336620.633834987	-7473.50455125043
gastrointestinal_hemorrhage	random	1	indomethacin	10	1.59524104539181e-189	0	7203.51353877538	0.0630087155607154	1.49176948326303e-6	1.2703391900885	27.5217996468914	9.63013245092836e-167	1.27041847943263	27.5224666294721	9.45473832107837e-167	-389888.122617293	-397091.636156068	-7203.51353877538
gastrointestinal_hemorrhage	random	1	ibuprofen	10	0	-1316.49545040837	6153.13723873405	0.0394507080801058	1.50980957542128e-7	0.964089429811603	58.2686233969718	0	0.958671437647606	57.8890783597215	0	-669130.237988724	-675283.375227458	-6153.13723873405
gastrointestinal_hemorrhage	random	1	flurbiprofen	10	0.00220448092703484	0	7471.44997752307	0.0538985599528062	6.2407144300252e-5	0.992706141163151	3.17471979551223	0.00149981254552935	0.994948217647934	3.1818263219254	0.0014634955134248	-561206.127304237	-568677.57728176	-7471.44997752307
gastrointestinal_hemorrhage	random	1	fluoxetine	10	1.63271567411455e-53	0	7379.4009085382	0.0235345259301398	2.27401427631692e-7	0.649186920027549	15.1621254237876	6.2997228712556e-52	0.650455033837682	15.1756232302461	5.12882634175877e-52	-416758.036448081	-424137.437356619	-7379.4009085382
gastrointestinal_hemorrhage	random	1	etodolac	10	8.04782283079903e-21	0	7442.86321749812	0.0366170243037314	2.48755675017981e-6	0.869706818587151	9.13921140392686	6.29093837002538e-20	0.871821428038736	9.16048952384093	5.16624238485647e-20	-392301.741769297	-399744.604986795	-7442.86321749812
gastrointestinal_hemorrhage	random	1	escitalopram	10	1.97160662356188e-23	0	7431.6275429118	0.0345730072192812	2.9724032320671e-6	0.836394866139808	9.75082470755516	1.82975697765397e-22	0.819067471932936	9.5328634013331	1.53003643709769e-21	-591964.400724095	-599396.028267007	-7431.6275429118
gastrointestinal_hemorrhage	random	1	diflunisal	10	1.05503163501691e-12	0	7461.67366550211	0.0934538464421927	5.39436619771336e-5	1.58386751712617	6.64459390254999	3.04054214033277e-11	1.58413142393458	6.64569983259053	3.01779714648537e-11	-310644.849045357	-318106.522710859	-7461.67366550211
gastrointestinal_hemorrhage	random	1	clopidogrel	10	2.10299254333808e-53	0	7387.8252666145	0.041195134166188	2.68311310132794e-6	0.965416484458236	14.8514354605166	6.80947905625448e-50	0.978032818987085	14.9909668001126	8.41197620181451e-51	-514191.067803642	-521578.893070256	-7387.8252666145
gastrointestinal_hemorrhage	random	1	clindamycin	10	8.74726465568453e-244	-223.884556481149	7188.68895404541	0.0347339158971094	5.50691140162545e-7	0.866935302984609	32.3500220219925	1.38633636269259e-229	0.619955966632778	22.4799455495684	6.52193013241973e-112	-1092789.19700391	-1099977.88595795	-7188.6889540453
gastrointestinal_hemorrhage	random	1	citalopram	10	8.22818843187463e-82	-139.942731055722	7314.11628275242	0.0245751345652379	3.61952099930317e-7	0.672049347976465	18.8281072366736	4.44361327307763e-79	0.66203236645606	18.5295116103213	1.19365394039643e-76	-477289.41879029	-484603.535073043	-7314.11628275242
gastrointestinal_hemorrhage	random	0	zidovudine	10	2.09580610205236e-5	0	7465.95405876986	0.0218411943150094	2.90431059633463e-6	0.592113502284709	4.28273660357247	1.8460865906554e-5	0.590832815881431	4.27240239359967	1.93378207627242e-5	-686710.11557232	-694176.06963109	-7465.95405876986
gastrointestinal_hemorrhage	random	0	vitamin_a	10	5.22123348769006e-11	0	7460.51387885492	0.0399883226109353	6.54482907895745e-6	0.942616798536921	6.43612094216132	1.22565386742597e-10	0.943086200184393	6.43893894252044	1.20311582580359e-10	-319599.80061502	-327060.314493875	-7460.51387885492
gastrointestinal_hemorrhage	random	0	vitamin_a	10	5.22123348769006e-11	0	7459.42576762568	0.0419281811573885	4.80521360668495e-6	0.942616798470254	6.4360984559572	1.22583535868985e-10	0.927506313324209	6.32333174500881	2.55982910806476e-10	-376077.092913644	-383536.51868127	-7459.42576762568
gastrointestinal_hemorrhage	random	0	urea	10	2.40655837079809e-55	0	7399.40162600786	0.0699358022257388	5.67414883175089e-6	1.33181035715751	14.6468101247294	1.41190359558652e-48	1.33225224393689	14.6493976047339	1.35915359930133e-48	-385487.817474752	-392887.21910076	-7399.40162600786
gastrointestinal_hemorrhage	random	0	tinidazole	10	4.00377573636227e-18	0	7457.30404022278	0.15052085486643	1.40551182535346e-4	1.98029683582275	7.66149755679328	1.83777375368941e-14	1.98531735075748	7.67436909267764	1.66234789160331e-14	-488899.676000527	-496356.98004075	-7457.30404022278
gastrointestinal_hemorrhage	random	0	tetrahydrocannabinol	10	2.58644377266629e-11	0	7462.61342907103	0.0818025138243997	2.15357329133113e-5	1.45830795345088	6.31363915166617	2.72549031402275e-10	1.46489020500093	6.34210995163088	2.26639464126223e-10	-359361.608864851	-366824.222293922	-7462.61342907103
gastrointestinal_hemorrhage	random	0	terbinafine	10	6.80598553588597e-113	0	7324.30949333688	0.0619925757504117	2.96450606499194e-6	1.25534619240461	21.213776643492402	7.1256254408131e-100	1.21307948940727	20.3880757572984	2.13374578217796e-92	-1113263.21166509	-1120587.52115843	-7324.30949333683
gastrointestinal_hemorrhage	random	0	temazepam	10	2.43648727863568e-61	-85.309303304588	7378.24795908807	0.0363608570233548	1.88979442592849e-6	0.886907192290315	16.0364406994214	7.11150425351141e-58	0.874137364398185	15.7734958636078	4.73545249854939e-56	-414563.515380563	-421941.763339651	-7378.24795908807
gastrointestinal_hemorrhage	random	0	sucralfate	10	1.20091506612791e-227	0	7209.31036033103	0.113762294446224	7.59919024548115e-6	1.77364787385311	28.4127991858459	1.40511155289376e-177	1.77418655937526	28.4213656243521	1.10118051076278e-177	-321782.67858255	-328991.988942881	-7209.31036033103
gastrointestinal_hemorrhage	random	0	stavudine	10	2.470293197078e-29	0	7444.14984452992	0.188160599669236	9.50780361852434e-5	2.21432931475494	9.47588593114506	2.64506524253609e-21	2.19684223908503	9.38219923619935	6.4610750475635e-21	-439048.518138557	-446492.667983087	-7444.14984452992
gastrointestinal_hemorrhage	random	0	simethicone	10	3.31964573294696e-179	0	7339.13864779437	0.0974081660048111	3.5049034639409e-6	1.61119194290781	25.7369074147654	4.51768866672125e-146	1.00567215380227	15.5320615283601	2.10502337861662e-54	-1972497.6240357	-1979836.76268349	-7339.13864779426
gastrointestinal_hemorrhage	random	0	scopolamine	10	0.0119530187122509	0	7473.50399022963	0.0218418968212448	3.61104808451939e-6	0.559102647163204	2.61770336968185	0.00885237205630196	0.5757813957918	2.69560936298667	0.00702600095067303	-381343.12127813	-388816.625268359	-7473.50399022963
gastrointestinal_hemorrhage	random	0	salmeterol	10	0.00814995509813332	0	7473.53987025871	0.0657162058133339	6.7724038013073e-5	1.21124846255665	2.83680391861051	0.00455675871685531	1.21165250407344	2.83618553886411	0.0045655914132165	-505619.416112193	-513092.955982452	-7473.53987025871
gastrointestinal_hemorrhage	random	0	prochlorperazine	10	8.4840466824116e-59	0	7387.73625533871	0.0897352971060014	9.58199706781672e-6	1.55434378568357	14.7434425794014	3.39051396822192e-49	1.55424103913573	14.7423444230572	3.44610753026331e-49	-326238.665132211	-333626.401387549	-7387.73625533871
gastrointestinal_hemorrhage	random	0	prilocaine	10	7.55599663158898e-5	0	7468.42022917699	0.0290613424844921	1.67183250135067e-5	0.715517753925278	3.99672366709078	6.42251983385017e-5	0.697557220665883	3.88768628881808	1.0120430971905e-4	-373079.643909074	-380548.064138251	-7468.42022917699
gastrointestinal_hemorrhage	random	0	pioglitazone	10	0.0429660703330452	0	7474.63739111822	0.0134481210965064	3.51804310152424e-6	0.370246622871793	2.11593492804966	0.0343503423031538	0.37108152139035	2.12070354499435	0.0339467580181242	-368361.811464463	-375836.448855581	-7474.63739111822
gastrointestinal_hemorrhage	random	0	phentermine	10	0.00622879429974187	0	7469.8134763728	0.0108709580490803	2.76009748356615e-6	0.331003767546568	2.79191767799966	0.00523966847591272	0.323337403433551	2.71076065924514	0.00671290623788462	-428006.708981557	-435476.52245793	-7469.8134763728
gastrointestinal_hemorrhage	random	0	paromomycin	10	5.3918109697435e-57	0	7440.64523997298	0.472995600712739	0.00155056915796256	3.57856208198484	10.1210047739147	4.45815196590408e-24	3.58135404619275	10.1288978447959	4.1125871781258e-24	-330394.181080224	-337834.826320197	-7440.64523997298
gastrointestinal_hemorrhage	random	0	oxybutynin	10	4.54708532348238e-65	0	7395.63580709265	0.0371456848373877	2.69544072165868e-6	0.897404850157102	16.5167180937232	2.78126338226992e-61	0.746480273649048	13.6363265384402	2.43522016178362e-42	-950767.476055042	-958163.111862135	-7395.63580709265
gastrointestinal_hemorrhage	random	0	orlistat	10	0.999999999983072	0	7476.64260060131	0.00108370694833518	2.15624507925159e-5	-0.0393558275413663	-0.109843049330697	0.912533849159897	-0.0378867278995329	-0.10574266928919	0.915786524915923	-333908.064118831	-341384.706719432	-7476.64260060131
gastrointestinal_hemorrhage	random	0	nitrofurantoin	10	3.33069144482902e-87	0	7328.96644024481	0.0335769542687686	3.74028902191592e-7	0.833994927999514	19.264502924269	1.06684854089885e-82	0.83218447194361	19.2172032874469	2.65711132959575e-82	-490135.281947474	-497464.248387719	-7328.96644024481
gastrointestinal_hemorrhage	random	0	nevirapine	10	2.26164444136817e-43	0	7441.64163297164	0.202375097933287	2.8928817620313e-4	2.34522439809576	11.3018860474796	1.28429685751129e-29	2.19179872143001	10.2166646245177	1.66987975333574e-24	-509349.609671561	-516791.251304533	-7441.64163297164
gastrointestinal_hemorrhage	random	0	miconazole	10	0.0478813445341247	0	7472.99303984363	0.0183943999008014	1.15022877212362e-5	0.435729050007899	2.08958234249791	0.0366553340650313	0.35828106806377	1.69993497442767	0.0891431573833078	-551773.629531001	-559246.622570844	-7472.99303984363
gastrointestinal_hemorrhage	random	0	methocarbamol	10	1.15970967116475e-78	0	7347.55310524232	0.0398348150028222	4.11384788381342e-7	0.942975397583067	18.1389916877312	1.56883029621512e-73	0.931445775853302	17.8900907470736	1.40878747648436e-71	-801884.171070985	-809231.724176227	-7347.55310524232
gastrointestinal_hemorrhage	random	0	metaxalone	10	5.61830750480333e-85	0	7336.2222612375	0.0371862965826391	1.67768473464556e-6	0.901922771102025	18.9238022631422	7.26215288880214e-80	0.899204633661737	18.8442295907964	3.2770161600141e-79	-449739.147971111	-457075.370232348	-7336.2222612375
gastrointestinal_hemorrhage	random	0	mebendazole	10	1.70619479758272e-21	0	7448.53342946566	0.0742295252975534	1.51116230985871e-5	1.38892830040762	8.93031547562284	4.24795657348677e-19	1.38949178522414	8.93393439638924	4.1112117865711e-19	-325776.234395554	-333224.76782502	-7448.53342946566
gastrointestinal_hemorrhage	random	0	loratadine	10	1.1085752623599e-120	0	7263.16872405127	0.0244948336504015	1.69145110335503e-7	0.672246029900069	22.9474604620917	1.56206901948549e-116	0.624642795646381	21.188871273762	1.20962302469001e-99	-600154.632137128	-607417.80086118	-7263.16872405133
gastrointestinal_hemorrhage	random	0	lipase	10	0	0	7161.68665674102	0.209140308744085	2.75157329017897e-5	2.40006509404019	31.5854974194626	5.84053533949739e-219	2.39687707023157	31.5287804961266	3.50382379287315e-218	-368935.817213838	-376097.503870579	-7161.68665674102
gastrointestinal_hemorrhage	random	0	lamivudine	10	2.27164950112203e-32	0	7440.31973028666	0.113660633576809	5.22369280353048e-5	1.76359467402885	10.5958923393641	3.11357219928203e-26	1.76869380362761	10.618904395456	2.43401012655564e-26	-371232.901306061	-378673.221036348	-7440.31973028666
gastrointestinal_hemorrhage	random	0	lactulose	10	0	0	6687.87245622987	0.0814518034466784	7.10432486191398e-7	1.48469679363537	47.9217079631086	0	1.4618115256895	47.0749579786923	0	-466197.867163019	-472885.739619249	-6687.87245622987
gastrointestinal_hemorrhage	random	0	ketotifen	10	0.0475809623621033	0	7474.73249486857	0.0460479995018092	1.0652148321129e-4	0.939305391339041	2.22269730890294	0.0262362174936705	0.94240702970394	2.2300340079085	0.0257451852511808	-330804.800409473	-338279.532904341	-7474.73249486857
gastrointestinal_hemorrhage	random	0	ketoconazole	10	6.46613958240974e-99	0	7312.9486443182705	0.0345226586346745	6.38118672061505e-7	0.858545780228481	20.5071300596758	1.8594748538779e-93	0.790555664868111	18.7802633309639	1.0953550444191e-78	-501573.788219048	-508886.736863367	-7312.9486443182705
gastrointestinal_hemorrhage	random	0	itraconazole	10	1.29420727378601e-7	0	7464.58438600955	0.0290354608982036	8.19574470712682e-6	0.698672607985353	5.26354918249505	1.41300684987843e-7	0.667861531049211	5.00997785076165	5.44363002323216e-7	-468311.082244579	-475775.666630589	-7464.58438600955
gastrointestinal_hemorrhage	random	0	hyoscyamine	10	2.55009803004142e-156	0	7279.07315504621	0.0829748199084786	5.40392296443671e-6	1.48373929621761	24.3988366197119	1.7595064801723e-131	1.48389797661374	24.3941584873194	1.97260404763456e-131	-759478.815077413	-766757.888232459	-7279.07315504621
gastrointestinal_hemorrhage	random	0	fluticasone	10	3.45797093066756e-197	0	7109.38588965323	0.0260123594201242	8.26862903466819e-8	0.705734314656092	29.3673481077449	1.43502773495333e-189	0.706303967616335	29.3860721283544	8.27371180543796e-190	-548518.507956854	-555627.893846508	-7109.38588965323
gastrointestinal_hemorrhage	random	0	ferrous_gluconate	10	8.6850901719979e-73	0	7369.83360150218	0.0666582510043621	1.20893753841129e-5	1.29294185620809	16.911193799097	3.720932814522e-64	1.29038305823991	16.8671593743504	7.84807955254779e-64	-488071.193784726	-495441.027386228	-7369.83360150218
gastrointestinal_hemorrhage	random	0	ergotamine	10	0.0482172517298291	0	7474.6243099987	0.0255393362069292	1.29340982575594e-5	0.606015569585684	2.13100118614084	0.0330890444649616	0.613945683914606	2.15876734729359	0.0308682209133503	-494337.024626358	-501811.648936357	-7474.6243099987
gastrointestinal_hemorrhage	random	0	epoetin_alfa	10	2.36316944639661e-20	0	7446.27070949203	0.0797165589727924	1.87469575865055e-5	1.4111414164682199	8.66015387416773	4.71127863908734e-18	1.40814928927943	8.64077150713289	5.58346844706993e-18	-480558.720283813	-488004.990993305	-7446.27070949203
gastrointestinal_hemorrhage	random	0	endopeptidases	10	7.22248105749512e-69	0	7396.70626516896	0.123622337294799	6.15743048315707e-6	1.83499647694972	15.4148647831041	1.30042755143625e-53	1.83293240556775	15.3910857889376	1.87853346425888e-53	-373512.389511401	-380909.09577657	-7396.70626516896
gastrointestinal_hemorrhage	random	0	droperidol	10	1.93957615531291e-21	0	7454.79768227355	0.152836288657293	1.07821177228131e-4	2.04172587177049	8.28234131085088	1.2077684306282e-16	1.76210676176971	6.98861921013923	2.77604742671605e-12	-502614.751034464	-510069.548716738	-7454.79768227355
gastrointestinal_hemorrhage	random	0	dicyclomine	10	0	0	6783.33620000078	0.123484007952746	3.75120792602413e-6	1.85630875547594	45.9222421644819	0	1.85241771531241	45.7441488084308	0	-509424.807644807	-516208.143844807	-6783.33620000078
gastrointestinal_hemorrhage	random	0	cosyntropin	10	0.153141976581788	0	7475.48645815044	0.0292392200893083	7.36189213512494e-5	0.706672804669806	1.68390355996644	0.0922003082424074	0.708067685205916	1.68722510561217	0.0915600757093663	-318084.246194983	-325559.732653134	-7475.48645815044
gastrointestinal_hemorrhage	random	0	chlorambucil	10	0.00246105507322501	0	7471.09923304035	0.00586709756237437	5.03784518408646e-7	0.197104392718526	3.05846839172411	0.00222471547115233	0.185975209677808	2.88084498317322	0.00396610651376042	-430821.308054664	-438292.407287704	-7471.09923304035
gastrointestinal_hemorrhage	random	0	benzocaine	10	3.02218026460007e-4	0	7468.25362545304	0.02020025643914	4.09983940628532e-6	0.54736974159935	3.663774061885	2.48526029131687e-4	0.44444699794955	2.95663656675824	0.00311014467220684	-621214.239082927	-628682.49270838	-7468.25362545298
gastrointestinal_hemorrhage	random	0	amylases	10	4.3180567814828e-256	0	7235.82767680776	0.195820473327209	1.99017342024836e-5	2.33065019605251	27.6123018301485	7.91951044888556e-168	2.33136779452067	27.6108807659971	8.23685475485268e-168	-352132.962516328	-359368.790193136	-7235.82767680776
gastrointestinal_hemorrhage	random	0	adenosine	10	2.91378250013835e-19	0	7445.80085014459	0.0210343908160209	1.4934625623894e-6	0.59023065754634	8.88612878393268	6.32750091075601e-19	0.550630639787413	8.22327523820609	1.98019685016129e-16	-689466.84185004	-696912.642700184	-7445.80085014459
gastrointestinal_hemorrhage	random	0	acarbose	10	0.362615806200229	0	7476.07828389341	0.00873008225729413	9.64174366822568e-6	0.250139896364936	1.04268355892398	0.297094874937241	0.251448077492921	1.04801684724478	0.294630844921213	-360307.186081267	-367783.26436516	-7476.07828389341
gastrointestinal_hemorrhage	random	0	abacavir	10	3.26551602989944e-128	0	7366.29437200504	0.217245027220438	1.87393921445271e-5	2.44456152042692	19.12899979371	1.44826270678204e-81	2.33606449864277	17.6386402061982	1.24419059026333e-69	-914882.299714949	-922248.594086954	-7366.29437200504
